/404  /  404
/blogs  /articles  301
/2025/02/27/markdown-content-management  /markdown-content-management 301
/2025/02/24/how-to-use-genwebblog  /how-to-use-genwebblog 301
/web-optimization/2025/03/08/properly-size-images-avif-webp  /web-optimization/properly-size-images-avif-webp 301
/2025/02/21/test.html / 301
/2025/02/21/sitemap.xml /sitemap.xml 301
/2025/02/21/blogs /articles 301
/2025/02/21/terms /terms 301
/2025/02/27/terms /terms 301
/2025/02/27/articles /articles 301
/2025/02/27/sitemap.xml /sitemap.xml 301
/2025/02/27/policy /policy 301
/test.html / 301
/payment / 301